Hotel Name,Rating Score,Rating Value,Number of Reviews
"Taj Home, Chic 3BR Villa. Heated Pool & Lagoon View. 2minutes to Marina.",9.0,1 review,Wonderful
Stunning Villa for Rent in El Gouna HEATED PRIVATE POOL & BOAT,9.8,10 reviews,Exceptional
Arabella Azur Resort,8.2,"1,989 reviews",Very Good
Bellagio Beach Resort & Spa,8.5,"1,743 reviews",Very Good
Panorama Bungalows Resort El Gouna,8.7,"2,375 reviews",Excellent
Sindbad Club,8.5,854 reviews,Very Good
VESTA - El Gouna Residence,8.9,72 reviews,Excellent
Apartments at Aldau Heights ASHRAF,7.9,375 reviews,Good
Palm Royale Resort - Soma Bay,8.5,497 reviews,Very Good
Selena Bay Resort Families and Couples Only,8.2,114 reviews,Very Good
